Date,Description,Debit,Credit,Balance,Reference,Category
2026-04-01,SALARY - Demo Software Studio,,85000.00,210000.00,DEMO-00001,SALARY
2026-04-02,Grocery supermarket,616.00,,209384.00,DEMO-00002,GROCERIES
2026-04-03,Home mortgage EMI,24500.00,,184884.00,DEMO-00003,EMI
2026-04-04,Restaurant dining,382.00,,184502.00,DEMO-00004,DINING
2026-04-05,Education loan EMI,6500.00,,178002.00,DEMO-00005,EMI
2026-04-05,Grocery supermarket,625.00,,177377.00,DEMO-00006,GROCERIES
2026-04-06,Mutual fund SIP,8000.00,,169377.00,DEMO-00007,INVESTMENT
2026-04-06,Metro transport,140.00,,169237.00,DEMO-00008,TRANSPORT
2026-04-07,Health insurance premium,1800.00,,167437.00,DEMO-00009,INSURANCE
2026-04-07,Restaurant dining,406.00,,167031.00,DEMO-00010,DINING
2026-04-08,Electricity bill,2280.00,,164751.00,DEMO-00011,UTILITIES
2026-04-08,Grocery supermarket,634.00,,164117.00,DEMO-00012,GROCERIES
2026-04-09,Broadband bill,899.00,,163218.00,DEMO-00013,UTILITIES
2026-04-10,Housing maintenance,1500.00,,161718.00,DEMO-00014,OTHER
2026-04-11,Grocery supermarket,643.00,,161075.00,DEMO-00015,GROCERIES
2026-04-11,Restaurant dining,438.00,,160637.00,DEMO-00016,DINING
2026-04-12,Freelance design income,,5000.00,165637.00,DEMO-00017,OTHER_INCOME
2026-04-12,Metro transport,140.00,,165497.00,DEMO-00018,TRANSPORT
2026-04-13,Fuel station,1700.00,,163797.00,DEMO-00019,TRANSPORT
2026-04-14,Grocery supermarket,652.00,,163145.00,DEMO-00020,GROCERIES
2026-04-15,Restaurant dining,470.00,,162675.00,DEMO-00021,DINING
2026-04-16,Own account self transfer,5000.00,,157675.00,DEMO-00022,TRANSFER
2026-04-17,Grocery supermarket,661.00,,157014.00,DEMO-00023,GROCERIES
2026-04-18,Mobile recharge,399.00,,156615.00,DEMO-00024,UTILITIES
2026-04-18,Metro transport,140.00,,156475.00,DEMO-00025,TRANSPORT
2026-04-19,Restaurant dining,502.00,,155973.00,DEMO-00026,DINING
2026-04-20,Clothing shopping,1600.00,,154373.00,DEMO-00027,SHOPPING
2026-04-20,Grocery supermarket,670.00,,153703.00,DEMO-00028,GROCERIES
2026-04-22,Pharmacy medicines,900.00,,152803.00,DEMO-00029,HEALTHCARE
2026-04-23,Grocery supermarket,679.00,,152124.00,DEMO-00030,GROCERIES
2026-04-23,Restaurant dining,534.00,,151590.00,DEMO-00031,DINING
2026-04-24,Online education course,999.00,,150591.00,DEMO-00032,EDUCATION
2026-04-24,Metro transport,140.00,,150451.00,DEMO-00033,TRANSPORT
2026-04-25,Streaming subscription,499.00,,149952.00,DEMO-00034,SUBSCRIPTION
2026-04-26,Fuel station,1700.00,,148252.00,DEMO-00035,TRANSPORT
2026-04-26,Grocery supermarket,688.00,,147564.00,DEMO-00036,GROCERIES
2026-04-27,Restaurant dining,566.00,,146998.00,DEMO-00037,DINING
2026-04-28,Grocery supermarket,694.00,,146304.00,DEMO-00038,GROCERIES
2026-04-30,Savings interest credit,,100.00,146404.00,DEMO-00039,OTHER_INCOME
2026-05-01,SALARY - Demo Software Studio,,85000.00,231404.00,DEMO-00040,SALARY
2026-05-02,Grocery supermarket,631.00,,230773.00,DEMO-00041,GROCERIES
2026-05-03,Home mortgage EMI,24500.00,,206273.00,DEMO-00042,EMI
2026-05-04,Restaurant dining,382.00,,205891.00,DEMO-00043,DINING
2026-05-05,Education loan EMI,6500.00,,199391.00,DEMO-00044,EMI
2026-05-05,Grocery supermarket,640.00,,198751.00,DEMO-00045,GROCERIES
2026-05-06,Mutual fund SIP,8000.00,,190751.00,DEMO-00046,INVESTMENT
2026-05-06,Metro transport,140.00,,190611.00,DEMO-00047,TRANSPORT
2026-05-07,Health insurance premium,1800.00,,188811.00,DEMO-00048,INSURANCE
2026-05-07,Restaurant dining,406.00,,188405.00,DEMO-00049,DINING
2026-05-08,Electricity bill,2300.00,,186105.00,DEMO-00050,UTILITIES
2026-05-08,Grocery supermarket,649.00,,185456.00,DEMO-00051,GROCERIES
2026-05-09,Broadband bill,899.00,,184557.00,DEMO-00052,UTILITIES
2026-05-10,Housing maintenance,1500.00,,183057.00,DEMO-00053,OTHER
2026-05-11,Grocery supermarket,658.00,,182399.00,DEMO-00054,GROCERIES
2026-05-11,Restaurant dining,438.00,,181961.00,DEMO-00055,DINING
2026-05-12,Freelance design income,,5000.00,186961.00,DEMO-00056,OTHER_INCOME
2026-05-12,Metro transport,140.00,,186821.00,DEMO-00057,TRANSPORT
2026-05-13,Fuel station,1700.00,,185121.00,DEMO-00058,TRANSPORT
2026-05-14,Grocery supermarket,667.00,,184454.00,DEMO-00059,GROCERIES
2026-05-15,Restaurant dining,470.00,,183984.00,DEMO-00060,DINING
2026-05-16,Own account self transfer,5000.00,,178984.00,DEMO-00061,TRANSFER
2026-05-17,Grocery supermarket,676.00,,178308.00,DEMO-00062,GROCERIES
2026-05-18,Mobile recharge,399.00,,177909.00,DEMO-00063,UTILITIES
2026-05-18,Metro transport,140.00,,177769.00,DEMO-00064,TRANSPORT
2026-05-19,Restaurant dining,502.00,,177267.00,DEMO-00065,DINING
2026-05-20,Clothing shopping,1700.00,,175567.00,DEMO-00066,SHOPPING
2026-05-20,Grocery supermarket,685.00,,174882.00,DEMO-00067,GROCERIES
2026-05-22,Pharmacy medicines,900.00,,173982.00,DEMO-00068,HEALTHCARE
2026-05-23,Grocery supermarket,694.00,,173288.00,DEMO-00069,GROCERIES
2026-05-23,Restaurant dining,534.00,,172754.00,DEMO-00070,DINING
2026-05-24,Online education course,999.00,,171755.00,DEMO-00071,EDUCATION
2026-05-24,Metro transport,140.00,,171615.00,DEMO-00072,TRANSPORT
2026-05-25,Streaming subscription,499.00,,171116.00,DEMO-00073,SUBSCRIPTION
2026-05-26,Fuel station,1700.00,,169416.00,DEMO-00074,TRANSPORT
2026-05-26,Grocery supermarket,703.00,,168713.00,DEMO-00075,GROCERIES
2026-05-27,Restaurant dining,566.00,,168147.00,DEMO-00076,DINING
2026-05-28,Grocery supermarket,709.00,,167438.00,DEMO-00077,GROCERIES
2026-05-31,Savings interest credit,,100.00,167538.00,DEMO-00078,OTHER_INCOME
2026-06-01,SALARY - Demo Software Studio,,85000.00,252538.00,DEMO-00079,SALARY
2026-06-02,Grocery supermarket,646.00,,251892.00,DEMO-00080,GROCERIES
2026-06-03,Home mortgage EMI,24500.00,,227392.00,DEMO-00081,EMI
2026-06-04,Restaurant dining,382.00,,227010.00,DEMO-00082,DINING
2026-06-05,Education loan EMI,6500.00,,220510.00,DEMO-00083,EMI
2026-06-05,Grocery supermarket,655.00,,219855.00,DEMO-00084,GROCERIES
2026-06-06,Mutual fund SIP,8000.00,,211855.00,DEMO-00085,INVESTMENT
2026-06-06,Metro transport,140.00,,211715.00,DEMO-00086,TRANSPORT
2026-06-07,Health insurance premium,1800.00,,209915.00,DEMO-00087,INSURANCE
2026-06-07,Restaurant dining,406.00,,209509.00,DEMO-00088,DINING
2026-06-08,Electricity bill,2320.00,,207189.00,DEMO-00089,UTILITIES
2026-06-08,Grocery supermarket,664.00,,206525.00,DEMO-00090,GROCERIES
2026-06-09,Broadband bill,899.00,,205626.00,DEMO-00091,UTILITIES
2026-06-10,Housing maintenance,1500.00,,204126.00,DEMO-00092,OTHER
2026-06-11,Grocery supermarket,673.00,,203453.00,DEMO-00093,GROCERIES
2026-06-11,Restaurant dining,438.00,,203015.00,DEMO-00094,DINING
2026-06-12,Freelance design income,,5000.00,208015.00,DEMO-00095,OTHER_INCOME
2026-06-12,Metro transport,140.00,,207875.00,DEMO-00096,TRANSPORT
2026-06-13,Fuel station,1700.00,,206175.00,DEMO-00097,TRANSPORT
2026-06-14,Grocery supermarket,682.00,,205493.00,DEMO-00098,GROCERIES
2026-06-15,Restaurant dining,470.00,,205023.00,DEMO-00099,DINING
2026-06-16,Own account self transfer,5000.00,,200023.00,DEMO-00100,TRANSFER
2026-06-17,Grocery supermarket,691.00,,199332.00,DEMO-00101,GROCERIES
2026-06-18,Mobile recharge,399.00,,198933.00,DEMO-00102,UTILITIES
2026-06-18,Metro transport,140.00,,198793.00,DEMO-00103,TRANSPORT
2026-06-19,Restaurant dining,502.00,,198291.00,DEMO-00104,DINING
2026-06-20,Clothing shopping,1800.00,,196491.00,DEMO-00105,SHOPPING
2026-06-20,Grocery supermarket,700.00,,195791.00,DEMO-00106,GROCERIES
2026-06-22,Pharmacy medicines,900.00,,194891.00,DEMO-00107,HEALTHCARE
2026-06-23,Grocery supermarket,709.00,,194182.00,DEMO-00108,GROCERIES
2026-06-23,Restaurant dining,534.00,,193648.00,DEMO-00109,DINING
2026-06-24,Online education course,999.00,,192649.00,DEMO-00110,EDUCATION
2026-06-24,Metro transport,140.00,,192509.00,DEMO-00111,TRANSPORT
2026-06-25,Streaming subscription,499.00,,192010.00,DEMO-00112,SUBSCRIPTION
2026-06-26,Fuel station,1700.00,,190310.00,DEMO-00113,TRANSPORT
2026-06-26,Grocery supermarket,718.00,,189592.00,DEMO-00114,GROCERIES
2026-06-27,Restaurant dining,566.00,,189026.00,DEMO-00115,DINING
2026-06-28,Grocery supermarket,724.00,,188302.00,DEMO-00116,GROCERIES
2026-06-30,Savings interest credit,,100.00,188402.00,DEMO-00117,OTHER_INCOME
2026-07-01,SALARY - Demo Software Studio,,90000.00,278402.00,DEMO-00118,SALARY
2026-07-02,Grocery supermarket,661.00,,277741.00,DEMO-00119,GROCERIES
2026-07-03,Home mortgage EMI,24500.00,,253241.00,DEMO-00120,EMI
2026-07-04,Restaurant dining,382.00,,252859.00,DEMO-00121,DINING
2026-07-05,Education loan EMI,6500.00,,246359.00,DEMO-00122,EMI
2026-07-05,Grocery supermarket,670.00,,245689.00,DEMO-00123,GROCERIES
2026-07-06,Mutual fund SIP,8000.00,,237689.00,DEMO-00124,INVESTMENT
2026-07-06,Metro transport,140.00,,237549.00,DEMO-00125,TRANSPORT
2026-07-07,Health insurance premium,1800.00,,235749.00,DEMO-00126,INSURANCE
2026-07-07,Restaurant dining,406.00,,235343.00,DEMO-00127,DINING
2026-07-08,Electricity bill,2340.00,,233003.00,DEMO-00128,UTILITIES
2026-07-08,Grocery supermarket,679.00,,232324.00,DEMO-00129,GROCERIES
2026-07-09,Broadband bill,899.00,,231425.00,DEMO-00130,UTILITIES
2026-07-10,Housing maintenance,1500.00,,229925.00,DEMO-00131,OTHER
2026-07-11,Grocery supermarket,688.00,,229237.00,DEMO-00132,GROCERIES
2026-07-11,Restaurant dining,438.00,,228799.00,DEMO-00133,DINING
2026-07-12,Freelance design income,,5000.00,233799.00,DEMO-00134,OTHER_INCOME
2026-07-12,Metro transport,140.00,,233659.00,DEMO-00135,TRANSPORT
2026-07-13,Fuel station,1700.00,,231959.00,DEMO-00136,TRANSPORT
2026-07-14,Grocery supermarket,697.00,,231262.00,DEMO-00137,GROCERIES
2026-07-15,Restaurant dining,470.00,,230792.00,DEMO-00138,DINING
2026-07-16,Own account self transfer,5000.00,,225792.00,DEMO-00139,TRANSFER
2026-07-17,Grocery supermarket,706.00,,225086.00,DEMO-00140,GROCERIES
2026-07-18,Mobile recharge,399.00,,224687.00,DEMO-00141,UTILITIES
2026-07-18,Metro transport,140.00,,224547.00,DEMO-00142,TRANSPORT
2026-07-19,Restaurant dining,502.00,,224045.00,DEMO-00143,DINING
2026-07-20,Clothing shopping,1900.00,,222145.00,DEMO-00144,SHOPPING
2026-07-20,Grocery supermarket,715.00,,221430.00,DEMO-00145,GROCERIES
2026-07-22,Pharmacy medicines,900.00,,220530.00,DEMO-00146,HEALTHCARE
2026-07-23,Grocery supermarket,724.00,,219806.00,DEMO-00147,GROCERIES
2026-07-23,Restaurant dining,534.00,,219272.00,DEMO-00148,DINING
2026-07-24,Online education course,999.00,,218273.00,DEMO-00149,EDUCATION
2026-07-24,Metro transport,140.00,,218133.00,DEMO-00150,TRANSPORT
2026-07-25,Streaming subscription,499.00,,217634.00,DEMO-00151,SUBSCRIPTION
2026-07-26,Fuel station,1700.00,,215934.00,DEMO-00152,TRANSPORT
2026-07-26,Grocery supermarket,733.00,,215201.00,DEMO-00153,GROCERIES
2026-07-27,Restaurant dining,566.00,,214635.00,DEMO-00154,DINING
2026-07-28,Grocery supermarket,739.00,,213896.00,DEMO-00155,GROCERIES
2026-07-31,Savings interest credit,,100.00,213996.00,DEMO-00156,OTHER_INCOME
2026-08-01,SALARY - Demo Software Studio,,90000.00,303996.00,DEMO-00157,SALARY
2026-08-02,Grocery supermarket,676.00,,303320.00,DEMO-00158,GROCERIES
2026-08-03,Home mortgage EMI,24500.00,,278820.00,DEMO-00159,EMI
2026-08-04,Restaurant dining,382.00,,278438.00,DEMO-00160,DINING
2026-08-05,Education loan EMI,6500.00,,271938.00,DEMO-00161,EMI
2026-08-05,Grocery supermarket,685.00,,271253.00,DEMO-00162,GROCERIES
2026-08-06,Mutual fund SIP,8000.00,,263253.00,DEMO-00163,INVESTMENT
2026-08-06,Metro transport,140.00,,263113.00,DEMO-00164,TRANSPORT
2026-08-07,Health insurance premium,1800.00,,261313.00,DEMO-00165,INSURANCE
2026-08-07,Restaurant dining,406.00,,260907.00,DEMO-00166,DINING
2026-08-08,Electricity bill,2360.00,,258547.00,DEMO-00167,UTILITIES
2026-08-08,Grocery supermarket,694.00,,257853.00,DEMO-00168,GROCERIES
2026-08-09,Broadband bill,899.00,,256954.00,DEMO-00169,UTILITIES
2026-08-10,Housing maintenance,1500.00,,255454.00,DEMO-00170,OTHER
2026-08-11,Grocery supermarket,703.00,,254751.00,DEMO-00171,GROCERIES
2026-08-11,Restaurant dining,438.00,,254313.00,DEMO-00172,DINING
2026-08-12,Freelance design income,,5000.00,259313.00,DEMO-00173,OTHER_INCOME
2026-08-12,Metro transport,140.00,,259173.00,DEMO-00174,TRANSPORT
2026-08-13,Fuel station,1700.00,,257473.00,DEMO-00175,TRANSPORT
2026-08-14,Grocery supermarket,712.00,,256761.00,DEMO-00176,GROCERIES
2026-08-15,Restaurant dining,470.00,,256291.00,DEMO-00177,DINING
2026-08-16,Own account self transfer,5000.00,,251291.00,DEMO-00178,TRANSFER
2026-08-17,Grocery supermarket,721.00,,250570.00,DEMO-00179,GROCERIES
2026-08-18,Mobile recharge,399.00,,250171.00,DEMO-00180,UTILITIES
2026-08-18,Metro transport,140.00,,250031.00,DEMO-00181,TRANSPORT
2026-08-19,Restaurant dining,502.00,,249529.00,DEMO-00182,DINING
2026-08-20,Clothing shopping,2000.00,,247529.00,DEMO-00183,SHOPPING
2026-08-20,Grocery supermarket,730.00,,246799.00,DEMO-00184,GROCERIES
2026-08-22,Pharmacy medicines,12900.00,,233899.00,DEMO-00185,HEALTHCARE
2026-08-23,Grocery supermarket,739.00,,233160.00,DEMO-00186,GROCERIES
2026-08-23,Restaurant dining,534.00,,232626.00,DEMO-00187,DINING
2026-08-24,Online education course,999.00,,231627.00,DEMO-00188,EDUCATION
2026-08-24,Metro transport,140.00,,231487.00,DEMO-00189,TRANSPORT
2026-08-25,Streaming subscription,499.00,,230988.00,DEMO-00190,SUBSCRIPTION
2026-08-26,Fuel station,1700.00,,229288.00,DEMO-00191,TRANSPORT
2026-08-26,Grocery supermarket,748.00,,228540.00,DEMO-00192,GROCERIES
2026-08-27,Restaurant dining,566.00,,227974.00,DEMO-00193,DINING
2026-08-28,Grocery supermarket,754.00,,227220.00,DEMO-00194,GROCERIES
2026-08-31,Savings interest credit,,100.00,227320.00,DEMO-00195,OTHER_INCOME
2026-09-01,SALARY - Demo Software Studio,,90000.00,317320.00,DEMO-00196,SALARY
2026-09-02,Grocery supermarket,691.00,,316629.00,DEMO-00197,GROCERIES
2026-09-03,Home mortgage EMI,24500.00,,292129.00,DEMO-00198,EMI
2026-09-04,Restaurant dining,382.00,,291747.00,DEMO-00199,DINING
2026-09-05,Education loan EMI,6500.00,,285247.00,DEMO-00200,EMI
2026-09-05,Grocery supermarket,700.00,,284547.00,DEMO-00201,GROCERIES
2026-09-06,Mutual fund SIP,8000.00,,276547.00,DEMO-00202,INVESTMENT
2026-09-06,Metro transport,140.00,,276407.00,DEMO-00203,TRANSPORT
2026-09-07,Health insurance premium,1800.00,,274607.00,DEMO-00204,INSURANCE
2026-09-07,Restaurant dining,406.00,,274201.00,DEMO-00205,DINING
2026-09-08,Electricity bill,2380.00,,271821.00,DEMO-00206,UTILITIES
2026-09-08,Grocery supermarket,709.00,,271112.00,DEMO-00207,GROCERIES
2026-09-09,Broadband bill,899.00,,270213.00,DEMO-00208,UTILITIES
2026-09-10,Housing maintenance,1500.00,,268713.00,DEMO-00209,OTHER
2026-09-11,Grocery supermarket,718.00,,267995.00,DEMO-00210,GROCERIES
2026-09-11,Restaurant dining,438.00,,267557.00,DEMO-00211,DINING
2026-09-12,Freelance design income,,5000.00,272557.00,DEMO-00212,OTHER_INCOME
2026-09-12,Metro transport,140.00,,272417.00,DEMO-00213,TRANSPORT
2026-09-13,Fuel station,1700.00,,270717.00,DEMO-00214,TRANSPORT
2026-09-14,Grocery supermarket,727.00,,269990.00,DEMO-00215,GROCERIES
2026-09-15,Restaurant dining,470.00,,269520.00,DEMO-00216,DINING
2026-09-16,Own account self transfer,5000.00,,264520.00,DEMO-00217,TRANSFER
2026-09-17,Grocery supermarket,736.00,,263784.00,DEMO-00218,GROCERIES
2026-09-18,Mobile recharge,399.00,,263385.00,DEMO-00219,UTILITIES
2026-09-18,Metro transport,140.00,,263245.00,DEMO-00220,TRANSPORT
2026-09-19,Restaurant dining,502.00,,262743.00,DEMO-00221,DINING
2026-09-20,Clothing shopping,2100.00,,260643.00,DEMO-00222,SHOPPING
2026-09-20,Grocery supermarket,745.00,,259898.00,DEMO-00223,GROCERIES
2026-09-22,Pharmacy medicines,900.00,,258998.00,DEMO-00224,HEALTHCARE
2026-09-23,Grocery supermarket,754.00,,258244.00,DEMO-00225,GROCERIES
2026-09-23,Restaurant dining,534.00,,257710.00,DEMO-00226,DINING
2026-09-24,Online education course,999.00,,256711.00,DEMO-00227,EDUCATION
2026-09-24,Metro transport,140.00,,256571.00,DEMO-00228,TRANSPORT
2026-09-25,Streaming subscription,499.00,,256072.00,DEMO-00229,SUBSCRIPTION
2026-09-26,Fuel station,1700.00,,254372.00,DEMO-00230,TRANSPORT
2026-09-26,Grocery supermarket,763.00,,253609.00,DEMO-00231,GROCERIES
2026-09-27,Restaurant dining,566.00,,253043.00,DEMO-00232,DINING
2026-09-28,Grocery supermarket,769.00,,252274.00,DEMO-00233,GROCERIES
2026-09-30,Savings interest credit,,100.00,252374.00,DEMO-00234,OTHER_INCOME
